'S129','P285','J206',90,2627
'S330','P297','J290',31,3552
'S315','P114','J150',89,2790
'S129','P268','J285',48,2059
'S157','P497','J45',29,6946
'S330','P452','J241',45,1241
'S291','P85','J363',43,6399
'S237','P385','J103',91,815
'S71','P359','J262',86,8444
'S495','P447','J196',88,2930
'S385','P493','J170',36,8337
'S58','P182','J486',19,4888
'S300','P363','J89',5,4619
'S297','P357','J59',48,2860
'S146','P371','J264',34,2506
'S480','P487','J254',6,837
'S166','P340','J303',53,1952
'S149','P477','J111',34,3130
'S418','P395','J255',34,6266
'S295','P124','J295',80,5506
'S364','P365','J349',88,3824
'S344','P468','J442',26,1270
'S6','P277','J429',86,1555
'S154','P96','J196',81,3796
'S52','P13','J384',3,9329
'S467','P398','J37',19,7031
'S493','P463','J113',46,2340
'S218','P224','J414',4,2857
'S498','P138','J132',73,9151
'S407','P350','J5',48,9937
'S210','P215','J165',100,9854
'S67','P114','J195',90,36
'S143','P258','J94',16,1347
'S303','P297','J178',60,161
'S262','P328','J51',80,3513
'S348','P199','J141',63,8714
'S240','P480','J164',27,4567
'S490','P328','J458',36,4091
'S453','P66','J175',47,7248
'S114','P88','J183',66,4890
'S322','P91','J478',69,3360
'S454','P196','J50',65,6335
'S387','P398','J357',67,9201
'S303','P191','J77',68,4104
'S300','P439','J5',36,4070
'S378','P139','J64',45,3334
'S33','P80','J13',40,5689
'S257','P297','J191',33,8476
'S303','P437','J297',3,8926
'S284','P274','J418',22,8022
'S4','P30','J50',68,3593
'S158','P189','J207',71,3710
'S100','P21','J184',9,3195
'S455','P498','J98',61,926
'S125','P131','J485',55,3601
'S178','P151','J40',72,5757
'S236','P108','J338',6,1603
'S336','P78','J437',36,3810
'S446','P419','J236',24,3902
'S422','P99','J271',6,8206
'S157','P195','J46',81,770
'S168','P132','J358',50,4711
'S229','P234','J240',23,8571
'S37','P500','J496',68,4836
'S175','P12','J39',5,3960
'S297','P254','J451',100,5145
'S35','P500','J169',72,6306
'S235','P387','J348',66,1333
'S457','P390','J399',74,9591
'S19','P208','J328',99,4355
'S360','P380','J434',4,1663
'S306','P407','J71',89,2921
'S391','P25','J479',72,9004
'S354','P85','J107',6,4701
'S452','P187','J270',92,726
'S222','P464','J137',100,7655
'S44','P325','J199',32,6660
'S169','P488','J355',46,8206
'S176','P295','J259',74,8077
'S447','P250','J65',52,7473
'S235','P98','J300',98,9125
'S6','P375','J161',79,2632
'S443','P396','J99',59,2031
'S389','P67','J99',100,7933
'S40','P363','J252',8,5912
'S492','P235','J453',41,2183
'S157','P189','J317',3,2177
'S319','P18','J474',94,589
'S197','P323','J324',37,9164
'S342','P218','J91',44,8167
'S358','P97','J232',82,7296
'S118','P380','J253',74,9092
'S151','P363','J375',39,6464
'S98','P189','J210',78,3287
'S181','P148','J87',11,3485
'S10','P120','J367',72,6022
'S170','P287','J278',25,9236
'S445','P396','J384',66,2199
'S74','P380','J248',22,2572
'S499','P77','J393',35,4273
'S322','P43','J139',26,1604
'S284','P123','J261',71,5287
'S202','P319','J422',77,9806
'S38','P130','J160',41,4808
'S134','P186','J197',55,2246
'S461','P297','J388',22,9900
'S383','P288','J470',9,4450
'S241','P232','J356',81,5682
'S224','P207','J179',28,2596
'S111','P302','J1',17,8226
'S147','P61','J255',9,5003
'S188','P313','J164',11,2000
'S132','P224','J352',42,654
'S39','P115','J456',97,3021
'S29','P398','J125',67,2796
'S378','P193','J259',53,4281
'S273','P71','J120',49,74
'S58','P50','J458',31,4518
'S70','P494','J90',86,3895
'S127','P288','J30',60,8763
'S313','P245','J91',76,2434
'S82','P376','J53',52,8711
'S202','P120','J252',63,4652
'S390','P413','J245',9,7386
'S282','P451','J209',48,6528
'S36','P112','J381',91,1249
'S215','P455','J362',32,5766
'S168','P282','J224',77,6939
'S286','P388','J200',41,3334
'S389','P379','J80',31,8384
'S190','P96','J462',4,9444
'S335','P128','J378',13,8906
'S20','P183','J258',22,1155
'S222','P170','J101',15,9221
'S309','P312','J250',26,5493
'S183','P348','J313',80,1197
'S138','P355','J463',23,6553
'S306','P283','J310',1,1365
'S316','P459','J187',13,6552
'S118','P376','J191',39,221
'S368','P5','J397',15,8937
'S395','P202','J358',15,996
'S443','P128','J249',60,6381
'S426','P276','J406',63,4296
'S31','P29','J465',30,4807
'S254','P493','J104',17,4012
'S427','P279','J334',10,6438
'S361','P355','J386',44,1959
'S377','P297','J122',34,3025
'S310','P298','J236',99,5327
'S40','P277','J267',70,9130
'S298','P4','J345',20,1252
'S255','P389','J285',87,2243
'S371','P57','J314',68,9519
'S362','P318','J83',69,2960
'S493','P82','J314',81,9268
'S292','P267','J68',72,5499
'S424','P264','J311',20,5218
'S195','P469','J269',58,9258
'S297','P443','J150',30,8445
'S106','P197','J427',79,2005
'S159','P300','J360',91,9344
'S440','P165','J239',35,9087
'S188','P483','J270',60,7152
'S133','P408','J338',72,5005
'S388','P68','J117',48,5741
'S310','P161','J445',31,5696
'S231','P268','J141',28,2655
'S459','P375','J187',71,9106
'S340','P279','J137',42,2421
'S389','P496','J262',19,1396
'S453','P336','J182',62,3251
'S69','P126','J483',65,2203
'S252','P150','J20',97,1180
'S242','P113','J387',60,7306
'S456','P395','J178',67,9719
'S149','P250','J39',50,5529
'S238','P431','J386',99,5351
'S155','P493','J368',83,3315
'S324','P285','J433',15,6139
'S103','P20','J48',59,7696
'S291','P105','J442',69,4118
'S445','P75','J183',29,8112
'S146','P484','J163',75,3193
'S44','P78','J359',40,4160
'S356','P345','J47',79,3709
'S61','P264','J317',79,8030
'S485','P367','J342',9,1692
'S256','P100','J176',19,7754
'S489','P236','J333',94,5464
'S8','P257','J498',20,5881
'S231','P69','J364',20,6489
'S109','P125','J318',80,5281
'S382','P30','J439',100,3657
'S17','P139','J83',78,3236
'S29','P21','J318',86,7796
'S51','P260','J138',71,1725
'S210','P469','J267',9,7283
'S324','P181','J356',69,7679
'S133','P251','J439',85,6886
'S91','P234','J86',98,3640
'S217','P427','J469',10,6773
'S5','P123','J226',49,5838
'S98','P142','J455',21,9491
'S473','P238','J367',21,2955
'S462','P272','J338',63,3903
'S416','P197','J422',89,7761
'S56','P360','J307',92,498
'S44','P246','J334',12,6515
'S492','P236','J454',80,9660
'S100','P258','J64',92,9424
'S0','P70','J310',93,6842
'S206','P338','J169',29,3252
'S485','P374','J280',69,6877
'S151','P16','J104',33,3868
'S79','P123','J394',60,3405
'S427','P69','J104',81,9955
'S84','P298','J67',43,3772
'S467','P98','J100',50,337
'S437','P166','J440',100,6992
'S421','P64','J242',37,1575
'S483','P453','J308',45,1492
'S419','P340','J122',26,2576
'S352','P3','J245',51,5212
'S188','P476','J173',63,8557
'S84','P415','J450',6,4745
'S192','P320','J52',93,8443
'S336','P220','J392',10,5391
'S280','P91','J107',51,7130
'S47','P192','J463',21,9258
'S98','P212','J312',27,9437
'S16','P282','J199',18,9370
'S407','P341','J208',37,7082
'S320','P100','J50',14,3304
'S481','P271','J185',8,129
'S470','P444','J449',72,9735
'S40','P292','J40',100,4697
'S131','P171','J377',9,6833
'S324','P53','J493',53,2412
'S444','P7','J184',63,1516
'S94','P465','J75',62,8127
'S476','P430','J17',63,3977
'S417','P460','J356',35,354
'S238','P435','J124',44,6647
'S301','P484','J294',19,7899
'S454','P7','J317',27,3637
'S121','P124','J112',20,8642
'S323','P58','J263',40,7553
'S194','P281','J36',20,8538
'S75','P317','J364',36,8411
'S203','P93','J204',41,7257
'S9','P187','J214',17,8977
'S329','P323','J272',92,9216
'S354','P303','J358',85,320
'S131','P494','J117',88,513
'S163','P335','J491',7,7667
'S85','P4','J226',17,3823
'S277','P385','J424',72,7202
'S131','P161','J5',37,2164
'S171','P308','J284',98,392
'S461','P214','J403',61,9887
'S106','P73','J465',80,6558
'S174','P370','J108',70,1262
'S204','P376','J483',60,9396
'S304','P385','J278',8,5693
'S116','P385','J372',10,5054
'S362','P477','J330',73,7878
'S403','P492','J385',57,5324
'S134','P48','J19',17,1375
'S465','P176','J11',46,2771
'S51','P320','J293',7,8611
'S228','P420','J15',9,6162
'S28','P472','J123',50,6225
'S357','P183','J384',71,6704
'S58','P441','J46',8,6480
'S415','P229','J254',59,7853
'S148','P41','J237',76,7018
'S437','P183','J254',31,528
'S219','P154','J192',55,6040
'S194','P419','J69',15,6941
'S383','P408','J351',37,3937
'S188','P64','J188',51,7853
'S109','P22','J355',27,1325
'S274','P169','J236',31,2903
'S199','P177','J285',13,9233
'S37','P485','J130',64,8409
'S26','P489','J172',72,1861
'S225','P163','J348',54,2565
'S273','P196','J210',46,1074
'S86','P134','J157',100,2541
'S481','P228','J427',87,3971
'S482','P116','J238',31,298
'S365','P312','J185',12,5093
'S443','P459','J28',39,7482
'S204','P186','J380',95,1059
'S140','P404','J110',41,7966
'S45','P347','J167',96,1152
'S204','P77','J32',6,8232
'S196','P483','J247',35,1706
'S129','P330','J33',81,4013
'S453','P415','J310',64,5271
'S463','P134','J275',87,528
'S188','P230','J131',99,8279
'S106','P380','J145',74,5322
'S62','P326','J498',50,7337
'S59','P337','J166',98,6705
'S447','P427','J309',63,7785
'S195','P68','J368',26,1312
'S168','P400','J101',37,5254
'S293','P459','J371',77,3157
'S46','P82','J272',46,4045
'S108','P89','J467',6,1399
'S360','P49','J445',17,1906
'S255','P279','J425',41,2448
'S416','P315','J2',22,101
'S97','P470','J473',37,986
'S77','P381','J390',72,5901
'S492','P212','J149',39,8112
'S299','P243','J145',86,9301
'S240','P78','J10',42,5070
'S412','P334','J185',11,2062
'S151','P163','J311',49,1528
'S184','P439','J169',56,1482
'S296','P2','J75',17,7198
'S3','P490','J479',40,5698
'S296','P81','J394',23,7930
'S468','P10','J439',96,6227
'S132','P188','J119',38,4507
'S419','P349','J44',39,515
'S126','P156','J228',65,5827
'S56','P164','J40',72,935
'S242','P330','J52',88,1288
'S75','P280','J451',22,814
'S450','P86','J422',78,7826
'S310','P168','J99',26,3154
'S269','P328','J163',68,6849
'S331','P485','J184',79,5721
'S196','P495','J407',71,2799
'S339','P195','J440',4,5220
'S200','P79','J10',73,2297
'S220','P148','J311',36,6056
'S357','P472','J483',88,8573
'S343','P64','J151',32,2590
'S41','P211','J282',15,5060
'S45','P158','J403',13,3692
'S259','P485','J351',8,8426
'S336','P280','J235',39,9818
'S341','P101','J276',82,1400
'S257','P158','J0',16,7982
'S335','P262','J383',85,7244
'S152','P197','J220',88,9947
'S71','P34','J488',78,2858
'S223','P368','J6',41,6290
'S107','P408','J22',21,940
'S20','P431','J424',89,2432
'S475','P461','J271',86,8424
'S34','P142','J482',50,8376
'S163','P11','J160',10,370
'S119','P76','J273',36,7479
'S66','P312','J118',38,8340
'S108','P118','J485',27,2519
'S197','P275','J242',1,5074
'S50','P155','J422',3,3105
'S33','P182','J263',13,9362
'S180','P293','J262',52,8549
'S344','P16','J331',42,3886
'S315','P134','J358',51,6891
'S70','P350','J96',21,1083
'S53','P82','J4',98,2493
'S40','P0','J404',30,871
'S123','P56','J292',51,450
'S357','P18','J169',8,240
'S257','P395','J54',36,8100
'S270','P279','J268',10,3040
'S396','P499','J80',57,8806
'S175','P66','J493',69,6630
'S0','P269','J499',4,2861
'S352','P339','J454',53,5180
'S219','P186','J411',51,8505
'S449','P481','J147',38,5856
'S363','P92','J147',55,5414
'S416','P403','J27',81,113
'S263','P56','J123',31,2183
'S420','P116','J88',44,9465
'S21','P300','J427',33,2648
'S116','P167','J58',66,6638
'S418','P477','J180',36,222
'S390','P299','J72',21,7752
'S44','P175','J411',8,4240
'S226','P289','J93',30,9288
'S234','P169','J415',69,205
'S130','P391','J344',48,2858
'S96','P368','J216',36,4461
'S40','P317','J7',47,3241
'S124','P237','J458',82,4318
'S69','P375','J255',45,5595
'S241','P144','J412',21,1400
'S359','P434','J227',25,5896
'S484','P159','J272',66,1356
'S354','P446','J221',1,9946
'S93','P455','J43',74,9870
'S412','P441','J364',63,1681
'S153','P75','J479',61,9967
'S496','P329','J162',3,8520
'S4','P316','J380',80,5916
'S168','P325','J280',55,9065
'S422','P458','J417',8,1219
'S393','P481','J381',36,2798
'S301','P243','J26',51,4849
'S19','P450','J251',90,3370
'S151','P47','J38',49,3871
'S136','P305','J4',32,7054
'S300','P199','J188',99,6596
'S43','P343','J122',20,8889
'S402','P409','J441',6,9700
'S453','P218','J124',13,5913
'S181','P194','J181',8,9704
'S483','P465','J54',97,6857
'S460','P93','J35',4,1579
'S400','P249','J299',56,8790
'S82','P258','J310',78,8806
'S371','P190','J330',85,3765
'S365','P396','J38',26,3070
'S478','P273','J447',20,7790
'S341','P292','J9',82,7424
'S179','P89','J494',88,6305
'S114','P75','J237',80,3077
'S329','P102','J33',72,9643
'S468','P398','J446',85,5017
'S486','P137','J355',35,4796
'S37','P130','J344',8,3655
'S160','P178','J167',54,4610
'S325','P199','J56',49,8926
'S228','P32','J328',69,7891
'S34','P461','J75',60,974
'S40','P360','J61',59,2416
'S418','P96','J406',26,9513
'S314','P104','J432',53,236
'S395','P261','J446',20,8893
'S55','P120','J489',87,9648
'S89','P379','J367',29,2193
'S104','P6','J60',100,2406
'S242','P195','J184',91,7359
'S281','P125','J454',100,9212
'S218','P275','J230',95,9540
'S81','P167','J1',57,2238
'S3','P244','J218',51,6245
'S5','P100','J79',17,1348
'S300','P38','J259',89,1527
'S247','P263','J53',78,6958
'S302','P311','J207',63,5356
'S200','P149','J272',35,8628
'S74','P386','J10',14,9987
'S367','P7','J345',69,542
'S31','P405','J124',47,7731
'S422','P164','J375',75,2389
'S137','P168','J84',37,7031
'S169','P245','J75',77,9209
'S227','P321','J359',89,1890
'S11','P178','J114',82,4760
'S339','P223','J408',11,6602
'S261','P464','J383',55,9565
'S471','P499','J332',54,1654
'S241','P416','J497',79,4154
'S490','P377','J217',27,225
'S121','P229','J101',100,169
'S119','P344','J173',61,8788
'S45','P46','J284',58,8686
'S447','P438','J428',7,5119
'S190','P215','J115',17,5751
'S130','P201','J100',21,7841
'S190','P182','J168',71,3888
'S267','P266','J438',54,4878
'S374','P114','J407',25,6475
'S73','P232','J275',34,192
'S282','P312','J243',3,2525
'S306','P447','J473',75,2432
'S303','P451','J300',60,7567
'S151','P295','J423',92,4306
'S349','P114','J377',26,5600
'S167','P91','J290',89,1171
'S139','P473','J358',100,6025
'S6','P485','J112',74,5354
'S396','P355','J17',75,6282
'S477','P95','J25',85,2227
'S159','P425','J68',45,4521
'S447','P483','J130',39,2261
'S430','P148','J48',49,7629
'S270','P499','J308',22,7086
'S11','P10','J186',93,9635
'S116','P485','J305',78,1394
'S346','P245','J225',57,1181
'S381','P233','J417',53,9411
'S182','P450','J301',28,3951
'S29','P284','J407',98,1267
'S34','P251','J171',29,1746
'S437','P209','J14',65,2029
'S118','P206','J322',100,6322
'S197','P30','J210',79,4327
'S229','P46','J330',73,661
'S482','P146','J393',86,8804
'S168','P348','J65',80,2344
'S85','P295','J191',83,1016
'S291','P363','J132',92,1779
'S190','P288','J162',2,6663
'S124','P197','J77',72,8867
'S477','P409','J251',17,7958
'S65','P133','J257',42,4706
'S351','P414','J266',74,2191
'S28','P333','J488',90,4384
'S58','P149','J75',46,2438
'S494','P375','J439',60,9539
'S144','P155','J412',53,3496
'S102','P335','J461',73,1230
'S323','P135','J360',56,189
'S171','P237','J267',4,242
'S433','P361','J495',38,5867
'S104','P497','J425',18,5747
'S310','P13','J145',100,41
'S241','P30','J146',68,6991
'S40','P327','J254',5,6736
'S165','P78','J6',74,9963
'S343','P4','J258',94,9230
'S187','P334','J364',22,6643
'S407','P322','J325',88,2249
'S36','P489','J11',27,2502
'S427','P157','J182',70,8988
'S426','P325','J89',54,6610
'S219','P323','J384',20,8843
'S129','P237','J149',68,9256
'S40','P100','J159',13,5988
'S160','P456','J43',46,3679
'S118','P79','J298',79,2642
'S428','P150','J414',12,6660
'S471','P191','J208',52,4332
'S272','P214','J411',63,8375
'S474','P434','J95',18,9002
'S89','P388','J276',40,2171
'S338','P138','J190',28,5187
'S184','P78','J431',52,8983
'S384','P431','J381',20,5942
'S198','P30','J454',1,7686
'S251','P327','J458',13,1493
'S233','P171','J201',6,8577
'S394','P1','J191',27,4838
'S347','P386','J156',11,7183
'S300','P328','J347',60,2505
'S264','P185','J124',70,7193
'S473','P149','J269',28,4825
'S19','P306','J72',98,6311
'S307','P254','J469',61,8373
'S130','P282','J133',59,2046
'S262','P485','J339',35,7425
'S220','P218','J496',6,2909
'S57','P193','J228',67,4466
'S325','P218','J408',63,4885
'S193','P433','J165',13,7228
'S115','P138','J329',97,2679
'S280','P179','J5',86,5976
'S313','P101','J87',11,5917
'S276','P190','J354',6,2081
'S26','P5','J79',38,7217
'S363','P133','J51',43,2342
'S409','P365','J165',72,8688
'S444','P245','J458',6,2107
'S412','P445','J412',87,2722
'S397','P284','J103',56,9136
'S440','P485','J226',3,5816
'S152','P284','J40',80,3232
'S74','P441','J458',96,7056
'S314','P375','J459',8,3396
'S349','P416','J486',55,8221
'S428','P477','J1',26,4144
'S330','P293','J128',70,4149
'S277','P80','J330',6,4075
'S328','P118','J481',33,7975
'S177','P364','J391',29,5849
'S248','P354','J6',78,9506
'S325','P130','J48',57,6100
'S242','P454','J331',34,1290
'S312','P449','J43',24,1662
'S357','P246','J390',18,5381
'S254','P118','J47',73,6414
'S377','P391','J290',87,151
'S38','P250','J72',51,7755
'S100','P331','J399',99,4069
'S381','P13','J470',9,8357
'S28','P155','J386',91,9109
'S8','P3','J115',37,7634
'S108','P118','J484',6,8791
'S293','P384','J246',34,6502
'S151','P80','J2',58,7753
'S490','P208','J39',80,9142
'S301','P362','J326',79,9670
'S127','P181','J276',32,8115
'S92','P41','J226',45,8988
'S285','P358','J399',28,6832
'S362','P160','J389',91,3818
'S408','P74','J87',68,2777
'S420','P161','J7',62,3447
'S247','P95','J48',69,8732
'S272','P115','J89',54,7976
'S310','P279','J36',91,9107
'S255','P308','J258',4,9608
'S396','P466','J123',70,7904
'S123','P38','J476',48,3861
'S117','P446','J195',5,8365
'S155','P240','J11',91,1672
'S472','P313','J57',61,1620
'S392','P2','J279',89,9422
'S443','P190','J46',88,6661
'S126','P162','J61',42,8335
'S157','P233','J276',9,5829
'S151','P394','J8',64,3133
'S461','P184','J199',79,3947
'S423','P216','J230',57,4754
'S424','P127','J129',28,4731
'S478','P85','J24',46,7678
'S206','P105','J290',80,884
'S67','P350','J391',40,318
'S169','P400','J385',85,6708
'S270','P449','J122',19,1336
'S145','P45','J224',55,1995
'S38','P353','J216',61,2069
'S323','P141','J253',75,8550
'S458','P195','J107',72,2432
'S129','P89','J150',55,7121
'S435','P428','J29',82,7548
'S289','P381','J404',36,4363
'S423','P122','J80',89,7052
'S91','P237','J325',82,4589
'S272','P339','J280',44,617
'S118','P275','J144',25,948
'S205','P98','J197',21,9852
'S110','P15','J177',12,4909
'S308','P69','J78',71,9611
'S75','P21','J399',34,3463
'S421','P43','J150',46,3582
'S332','P208','J6',52,7105
'S129','P499','J121',21,2166
'S41','P251','J0',46,8901
'S362','P392','J135',38,333
'S453','P352','J480',35,7637
'S135','P119','J88',40,1938
'S338','P159','J271',3,804
'S8','P10','J444',24,2251
'S357','P181','J49',41,5841
'S150','P200','J484',17,4126
'S434','P232','J346',24,6453
'S14','P140','J286',99,9826
'S64','P342','J434',41,602
'S268','P232','J358',85,1750
'S455','P348','J487',57,3982
'S97','P228','J483',50,316
'S48','P359','J80',94,8557
'S351','P459','J57',11,745
'S457','P422','J202',84,3759
'S153','P101','J77',5,6728
'S34','P420','J366',92,964
'S165','P355','J430',73,4860
'S417','P289','J116',9,8598
'S443','P356','J228',70,2229
'S485','P79','J50',76,4332
'S73','P341','J209',53,8349
'S448','P404','J109',71,5157
'S177','P5','J444',1,8059
'S380','P364','J220',32,6912
'S463','P44','J144',79,9945
'S295','P220','J405',15,95
'S441','P116','J267',98,2670
'S120','P477','J330',88,6252
'S488','P69','J303',62,1875
'S85','P332','J368',90,9510
'S143','P411','J271',80,6755
'S490','P369','J475',45,6476
'S55','P207','J136',18,5201
'S329','P143','J348',34,7673
'S233','P285','J61',30,4525
'S353','P162','J135',88,5139
'S51','P168','J344',22,8606
'S441','P279','J5',73,7880
'S434','P158','J214',77,1818
'S418','P304','J416',66,4553
'S467','P233','J275',65,2791
'S165','P72','J481',69,4760
'S92','P391','J392',49,1674
'S172','P423','J266',75,9625
'S334','P201','J260',40,7039
'S288','P464','J247',15,5237
'S251','P111','J49',55,1170
'S44','P341','J362',10,1687
'S239','P224','J355',1,6964
'S216','P209','J147',88,499
'S313','P237','J25',50,998
'S143','P94','J254',96,7326
'S407','P181','J126',79,946
'S485','P45','J214',28,4353
'S65','P461','J162',18,1173
'S157','P230','J336',8,8687
'S348','P214','J370',37,8071
'S69','P498','J105',12,127
'S488','P343','J44',76,6446
'S49','P229','J310',65,1943
'S104','P409','J153',76,1653
'S332','P142','J201',89,1455
'S266','P328','J66',36,1191
'S214','P237','J195',75,2948
'S302','P403','J386',83,9786
'S325','P270','J454',39,2425
'S261','P354','J340',69,4405
'S409','P377','J320',1,3603
'S13','P268','J497',64,5670
'S234','P84','J274',44,6570
'S488','P99','J248',46,2626
'S409','P444','J221',7,6848
'S152','P441','J162',66,2839
'S384','P445','J89',46,6127
'S226','P198','J482',91,8702
'S221','P380','J290',3,8711
'S484','P416','J91',64,7656
'S168','P492','J373',20,9115
'S492','P348','J78',66,499
'S470','P223','J418',79,8706
'S124','P445','J46',12,3865
'S373','P216','J21',78,9089
'S441','P57','J455',89,5269
'S379','P196','J156',44,7666
'S360','P447','J259',28,5367
'S60','P493','J401',82,3061
'S95','P295','J66',41,8574
'S194','P199','J107',63,2849
'S390','P21','J421',56,7627
'S383','P371','J60',47,4307
'S337','P334','J74',7,1110
'S112','P234','J467',79,1284
'S361','P190','J196',66,1802
'S405','P174','J231',84,1135
'S311','P36','J115',77,875
'S71','P131','J141',80,2794
'S251','P312','J63',4,6721
'S439','P33','J288',24,1083
'S126','P307','J232',91,964
'S160','P184','J151',60,789
'S297','P144','J70',93,4953
'S26','P17','J496',18,5373
'S475','P453','J60',5,7604
'S244','P493','J118',88,9016
'S40','P181','J43',83,331
'S7','P404','J312',15,1952
'S193','P53','J377',57,6555
'S94','P91','J332',85,1404
'S371','P366','J164',32,1760
'S263','P195','J466',90,3844
'S250','P431','J244',83,9298
'S178','P323','J161',19,6648
'S321','P102','J4',52,4505
'S44','P222','J17',76,9221
'S28','P410','J58',90,7036
'S314','P298','J171',53,6179
'S231','P275','J127',11,2828
'S437','P10','J293',28,6741
'S154','P311','J372',59,544
'S154','P52','J267',28,7475
'S96','P195','J359',77,5719
'S460','P91','J430',31,9343
'S200','P226','J439',67,6329
'S489','P240','J107',53,7806
'S285','P493','J295',44,1499
'S293','P53','J263',51,2368
'S230','P167','J64',83,387
'S384','P462','J387',24,179
'S108','P307','J52',45,5792
'S302','P136','J423',96,1060
'S1','P119','J153',7,7666
'S143','P341','J194',6,6661
'S181','P62','J103',81,9791
'S250','P128','J236',71,3370
'S190','P174','J62',45,8576
'S409','P338','J341',17,8378
'S199','P127','J165',67,9722
'S299','P418','J64',25,7177
'S209','P258','J84',92,5515
'S154','P131','J216',16,2264
'S41','P54','J438',11,5350
'S64','P348','J226',69,2498
'S184','P49','J257',40,9765
'S272','P361','J144',76,8
'S55','P319','J123',95,2514
'S338','P195','J173',18,6180
'S292','P487','J76',5,6444
'S112','P48','J25',20,9952
'S212','P485','J142',2,7397
'S168','P74','J368',22,1355
'S218','P472','J138',56,6428
'S385','P101','J205',14,6337
'S490','P495','J434',25,9016
'S217','P51','J146',14,5186
'S373','P20','J492',15,9722
'S361','P247','J385',37,1981
'S80','P304','J395',67,9641
'S337','P460','J477',85,2706
'S269','P363','J92',76,1694
'S202','P438','J180',89,4948
'S441','P349','J356',9,647
'S375','P340','J399',99,2522
'S107','P182','J415',80,928
'S499','P486','J414',88,8640
'S271','P298','J478',50,4078
'S70','P376','J17',66,7397
'S137','P363','J469',19,1064
'S169','P492','J65',85,4934
'S478','P99','J136',8,8489
'S16','P222','J366',79,407
'S222','P497','J26',54,4427
'S408','P194','J287',77,6046
'S331','P98','J111',42,6043
'S173','P486','J395',41,7977
'S125','P395','J76',58,1800
'S243','P380','J305',57,5553
'S432','P80','J46',100,1579
'S358','P54','J397',40,2088
'S324','P199','J425',78,6523
'S62','P52','J191',86,195
'S405','P160','J276',41,7970
'S97','P178','J118',57,7239
'S391','P171','J271',71,3293
'S257','P148','J56',68,1774
'S431','P412','J51',16,1511
'S50','P284','J287',46,3819
'S216','P101','J180',97,7915
'S134','P322','J315',16,6877
'S32','P86','J128',70,2519
'S376','P78','J66',77,4357
'S320','P115','J367',23,1270
'S325','P103','J46',64,9365
'S409','P415','J267',33,8748
'S271','P153','J406',7,2422
'S336','P463','J375',9,693
'S163','P310','J107',63,4750
'S229','P112','J169',30,2186
'S373','P489','J279',29,8907
'S192','P72','J43',58,5143
'S300','P116','J267',31,2037
'S358','P112','J154',71,7810
'S424','P142','J493',23,9531
'S403','P494','J106',92,4711
'S145','P420','J391',66,1670
'S14','P168','J348',31,9562
'S368','P335','J442',47,5781
'S481','P490','J205',71,1556
'S95','P127','J89',13,9773
'S376','P373','J430',51,4398
'S282','P52','J397',96,364
'S399','P74','J241',70,4070
'S74','P199','J251',78,8754
'S35','P454','J89',38,5952
'S322','P221','J61',99,4244
'S293','P272','J251',76,7519
'S365','P448','J145',65,1352
'S221','P441','J161',8,6274
'S401','P336','J187',55,6078
'S68','P437','J2',30,376
'S66','P360','J133',51,4009
'S27','P377','J310',87,759
'S137','P482','J387',31,2218
'S63','P164','J216',12,5277
'S153','P356','J158',24,5379
'S49','P210','J238',60,7691
'S332','P496','J450',44,2680
'S169','P278','J238',37,735
'S98','P261','J101',61,7808
'S4','P208','J341',43,946
'S491','P310','J140',5,486
'S148','P75','J231',59,9465
'S309','P31','J51',30,3883
'S17','P80','J194',94,8066
'S393','P314','J160',40,9150
'S282','P339','J422',68,9135
'S237','P376','J256',91,6350
'S199','P245','J146',91,2740
'S442','P100','J203',16,2333
'S233','P23','J180',18,5720
'S489','P149','J477',50,2579
'S164','P10','J47',84,8560
'S310','P17','J475',19,335
'S346','P336','J231',53,483
'S279','P489','J449',81,8230
'S59','P331','J278',62,5987
'S267','P3','J296',87,9420
'S428','P447','J498',93,9117
'S154','P201','J395',38,1429
'S361','P56','J294',38,8894
'S308','P176','J176',84,9587
'S277','P395','J180',66,7859
'S415','P53','J202',97,9226
'S88','P357','J460',73,385
'S32','P189','J488',99,9107
'S24','P348','J405',37,7182
'S228','P477','J388',83,163
'S12','P132','J304',71,5033
'S94','P338','J422',49,9261
'S209','P383','J39',53,596
'S337','P393','J31',71,9189
'S255','P437','J94',2,2710
'S395','P357','J203',96,1369
'S333','P98','J105',23,8911
'S280','P424','J348',86,6227
'S121','P384','J288',90,2300
'S126','P188','J138',74,2679
'S324','P319','J34',20,2057
'S179','P306','J347',21,4138
'S33','P342','J304',13,9562
'S412','P147','J312',67,5082
'S223','P2','J369',100,7221
'S312','P391','J242',15,3566
'S226','P285','J242',73,3685
'S374','P405','J233',14,6046
'S51','P238','J293',98,225
'S119','P143','J124',45,6014
'S57','P283','J163',83,4389
'S306','P401','J390',72,5743
'S97','P387','J409',89,8879
'S413','P186','J465',13,7099
'S313','P261','J82',91,5648
'S223','P104','J356',61,2823
'S157','P362','J49',88,2247
'S47','P160','J410',72,3043
'S143','P41','J84',2,1933
'S375','P462','J207',99,9129
'S371','P337','J255',45,174
'S370','P210','J312',80,9805
'S18','P63','J303',66,5768
'S365','P126','J211',76,3940
'S315','P108','J428',13,3709
'S337','P76','J216',85,3162
'S328','P84','J442',31,5955
'S419','P127','J11',37,4327
'S97','P303','J20',46,8902
'S477','P330','J93',53,4870
'S435','P103','J110',75,8554
'S113','P89','J257',36,6257
'S429','P413','J211',64,409
'S406','P181','J44',45,8530
'S157','P4','J326',19,804
'S206','P300','J283',95,9936
'S356','P154','J102',11,8622
'S368','P458','J170',5,127
'S419','P325','J148',84,4912
'S15','P48','J98',94,6125
'S275','P87','J218',24,9621
'S92','P35','J127',31,5946
'S284','P84','J163',6,6445
'S266','P448','J394',24,9868
'S203','P247','J331',18,6555
'S224','P103','J260',32,8536
'S361','P327','J306',71,5406
'S43','P297','J232',53,4385
'S339','P298','J114',58,7608
'S159','P171','J408',30,8261
'S288','P45','J470',97,8876
'S458','P93','J390',36,1069
'S297','P257','J76',20,4705
'S453','P222','J136',30,8072
'S269','P323','J278',62,9830
'S105','P219','J108',67,5198
'S499','P127','J477',78,2103
'S108','P258','J237',35,3912
'S10','P358','J223',5,7580
'S262','P163','J361',96,4847
'S319','P418','J313',63,9029
'S449','P315','J42',67,1803
'S203','P293','J151',80,9540
'S121','P348','J325',32,50
'S319','P348','J411',25,6920
'S136','P211','J356',84,3149
'S126','P102','J53',19,5189
'S429','P353','J213',47,4799
'S179','P402','J320',84,6596
'S467','P228','J158',97,9659
'S227','P471','J119',81,6527
'S426','P40','J89',21,6314
'S330','P317','J250',22,7583
'S6','P339','J364',4,9857
'S43','P350','J49',78,6230
'S128','P441','J172',100,649
'S466','P51','J396',38,8879
'S244','P467','J125',23,3151
'S386','P303','J164',79,6735
'S134','P407','J180',54,9392
'S125','P291','J317',46,6384
'S66','P198','J249',40,6912
'S232','P256','J435',91,4846
'S100','P381','J307',40,5846
'S481','P161','J229',4,8864
'S438','P430','J294',7,5361
'S231','P24','J350',21,8419
'S13','P305','J452',40,4594
'S247','P329','J16',90,3164
'S42','P337','J27',56,6864
'S247','P465','J331',61,5668
'S298','P145','J369',12,9731
'S501','P164','J145',51,1000
'S502','P199','J455',55,1200
'S135','P0','J376',54,5275
'S135','P1','J67',24,9280
'S135','P2','J268',78,6354
'S135','P3','J494',43,3478
'S135','P4','J337',53,9495
'S135','P5','J250',82,8425
'S135','P6','J325',1,9231
'S135','P7','J18',30,6164
'S135','P8','J483',98,5403
'S135','P9','J140',69,1840
'S135','P10','J304',49,1704
'S135','P11','J297',92,2005
'S135','P12','J334',58,6948
'S135','P13','J319',46,3708
'S135','P14','J466',95,5303
'S135','P15','J400',6,4927
'S135','P16','J471',67,7083
'S135','P17','J461',17,6695
'S135','P18','J446',92,6519
'S135','P19','J348',89,8875
'S135','P20','J20',1,3696
'S135','P21','J424',64,9189
'S135','P22','J4',6,4728
'S135','P23','J28',59,9774
'S135','P24','J47',92,4644
'S135','P25','J318',28,4421
'S135','P26','J217',46,9306
'S135','P27','J36',73,7326
'S135','P28','J38',3,1344
'S135','P29','J455',2,9114
'S135','P30','J124',87,3459
'S135','P31','J126',32,515
'S135','P32','J240',79,2669
'S135','P33','J264',48,5630
'S135','P34','J447',63,1691
'S135','P35','J80',95,2359
'S135','P36','J39',54,8976
'S135','P37','J406',9,4507
'S135','P38','J140',51,6230
'S135','P39','J223',54,9868
'S135','P40','J214',35,8151
'S135','P41','J272',85,3445
'S135','P42','J187',42,1799
'S135','P43','J160',17,6075
'S135','P44','J426',1,7968
'S135','P45','J209',18,3190
'S135','P46','J314',4,6992
'S135','P47','J447',20,6946
'S135','P48','J200',67,3689
'S135','P49','J441',83,9159
'S135','P50','J228',26,2597
'S135','P51','J198',57,4195
'S135','P52','J445',85,1405
'S135','P53','J315',35,1551
'S135','P54','J354',11,8333
'S135','P55','J363',88,9981
'S135','P56','J217',44,2491
'S135','P57','J399',76,8184
'S135','P58','J231',54,9190
'S135','P59','J212',82,3996
'S135','P60','J206',100,6057
'S135','P61','J43',31,9135
'S135','P62','J169',45,1591
'S135','P63','J4',23,8512
'S135','P64','J6',72,6979
'S135','P65','J173',99,5796
'S135','P66','J197',23,391
'S135','P67','J173',51,7273
'S135','P68','J304',72,1896
'S135','P69','J439',13,8103
'S135','P70','J217',12,2636
'S135','P71','J367',13,6424
'S135','P72','J144',86,4021
'S135','P73','J394',55,8480
'S135','P74','J106',90,1849
'S135','P75','J352',27,5825
'S135','P76','J333',91,4473
'S135','P77','J27',4,7558
'S135','P78','J490',60,353
'S135','P79','J406',43,211
'S135','P80','J38',24,966
'S135','P81','J43',53,9455
'S135','P82','J33',39,4511
'S135','P83','J416',1,9510
'S135','P84','J343',29,3613
'S135','P85','J221',48,2692
'S135','P86','J223',68,171
'S135','P87','J413',99,6986
'S135','P88','J248',99,893
'S135','P89','J75',71,3826
'S135','P90','J415',60,7182
'S135','P91','J63',49,9581
'S135','P92','J160',68,6700
'S135','P93','J315',42,8170
'S135','P94','J488',90,4266
'S135','P95','J382',51,1888
'S135','P96','J3',50,6947
'S135','P97','J186',8,1756
'S135','P98','J139',88,2690
'S135','P99','J282',13,858
'S135','P100','J55',90,6109
'S135','P101','J247',23,3673
'S135','P102','J249',33,6701
'S135','P103','J358',29,2031
'S135','P104','J132',69,2229
'S135','P105','J401',25,3874
'S135','P106','J391',60,6300
'S135','P107','J410',83,9103
'S135','P108','J469',46,883
'S135','P109','J111',96,7303
'S135','P110','J455',41,8788
'S135','P111','J335',56,2365
'S135','P112','J375',25,6685
'S135','P113','J215',69,4660
'S135','P114','J63',66,8763
'S135','P115','J301',26,1871
'S135','P116','J450',93,6785
'S135','P117','J119',59,2040
'S135','P118','J154',69,7745
'S135','P120','J196',39,8049
'S135','P121','J419',17,7589
'S135','P122','J383',18,9774
'S135','P123','J149',2,9772
'S135','P124','J76',27,269
'S135','P125','J190',70,8627
'S135','P126','J142',40,617
'S135','P127','J428',55,5091
'S135','P128','J37',47,4199
'S135','P129','J209',5,7394
'S135','P130','J140',17,6224
'S135','P131','J145',41,5451
'S135','P132','J173',84,5942
'S135','P133','J451',79,40
'S135','P134','J369',96,795
'S135','P135','J418',49,3192
'S135','P136','J232',58,6595
'S135','P137','J71',28,7596
'S135','P138','J158',89,6400
'S135','P139','J172',44,8421
'S135','P140','J394',64,3062
'S135','P141','J403',60,9138
'S135','P142','J185',98,4489
'S135','P143','J458',70,2022
'S135','P144','J485',71,9875
'S135','P145','J57',78,7707
'S135','P146','J83',55,3381
'S135','P147','J128',32,5556
'S135','P148','J48',64,5960
'S135','P149','J141',62,8049
'S135','P150','J157',49,6640
'S135','P151','J331',59,9828
'S135','P152','J185',71,8066
'S135','P153','J302',64,2116
'S135','P154','J417',98,9888
'S135','P155','J74',55,2335
'S135','P156','J244',99,8262
'S135','P157','J20',97,8830
'S135','P158','J402',65,8512
'S135','P159','J140',1,1614
'S135','P160','J466',89,2186
'S135','P161','J161',61,5911
'S135','P162','J59',12,6616
'S135','P163','J220',46,8967
'S135','P164','J487',17,2165
'S135','P165','J326',86,9042
'S135','P166','J19',44,56
'S135','P167','J354',39,8917
'S135','P168','J414',83,1722
'S135','P169','J37',25,7292
'S135','P170','J478',35,3003
'S135','P171','J214',78,3116
'S135','P172','J375',99,6354
'S135','P173','J150',86,1676
'S135','P174','J446',79,8586
'S135','P175','J302',54,2766
'S135','P176','J204',75,9091
'S135','P177','J488',20,6962
'S135','P178','J313',62,2814
'S135','P179','J163',67,6381
'S135','P180','J21',77,3435
'S135','P181','J440',99,5198
'S135','P182','J407',83,6148
'S135','P183','J304',27,3462
'S135','P184','J424',25,1036
'S135','P185','J278',65,2880
'S135','P186','J313',34,3569
'S135','P187','J140',41,3560
'S135','P188','J279',37,5380
'S135','P189','J205',86,6239
'S135','P190','J168',97,7065
'S135','P191','J157',35,2395
'S135','P192','J244',81,6085
'S135','P193','J56',26,1705
'S135','P194','J300',66,8960
'S135','P195','J220',44,1815
'S135','P196','J306',97,8235
'S135','P197','J201',52,825
'S135','P198','J437',44,8363
'S135','P199','J491',24,5960
'S135','P200','J419',26,6959
'S135','P201','J215',90,5624
'S135','P202','J26',73,7995
'S135','P203','J28',20,7630
'S135','P204','J127',72,8010
'S135','P205','J148',29,3892
'S135','P206','J74',92,4900
'S135','P207','J452',96,9918
'S135','P208','J286',80,9613
'S135','P209','J425',94,1242
'S135','P210','J77',93,6188
'S135','P211','J74',61,3889
'S135','P212','J9',95,9578
'S135','P213','J90',93,6310
'S135','P214','J470',21,3841
'S135','P215','J236',40,6195
'S135','P216','J211',51,1712
'S135','P217','J415',50,5705
'S135','P218','J493',90,4197
'S135','P219','J96',68,8086
'S135','P220','J479',23,7468
'S135','P221','J306',13,5141
'S135','P222','J493',76,2029
'S135','P223','J465',62,7047
'S135','P224','J282',75,4425
'S135','P225','J346',48,8975
'S135','P226','J277',90,8767
'S135','P227','J463',43,2568
'S135','P228','J203',23,4939
'S135','P229','J375',83,5344
'S135','P230','J212',36,348
'S135','P231','J10',28,7845
'S135','P232','J121',77,7547
'S135','P233','J359',67,1751
'S135','P234','J479',100,4901
'S135','P235','J482',47,534
'S135','P236','J453',79,6757
'S135','P237','J323',34,295
'S135','P238','J275',45,631
'S135','P239','J316',28,5516
'S135','P240','J15',19,2548
'S135','P241','J437',46,9116
'S135','P242','J40',91,4908
'S135','P243','J454',29,3312
'S135','P244','J240',89,2451
'S135','P245','J420',30,5170
'S135','P246','J246',52,1209
'S135','P247','J220',91,3829
'S135','P248','J113',72,434
'S135','P249','J287',72,6824
'S135','P250','J48',44,2791
'S135','P251','J147',2,3820
'S135','P252','J6',54,7193
'S135','P253','J170',1,749
'S135','P254','J494',83,488
'S135','P255','J171',79,8147
'S135','P256','J312',5,5003
'S135','P257','J275',46,1773
'S135','P258','J210',2,7369
'S135','P259','J315',18,8471
'S135','P260','J147',42,3820
'S135','P261','J50',78,3168
'S135','P262','J141',7,8693
'S135','P263','J388',99,3328
'S135','P264','J309',29,9496
'S135','P265','J444',1,1051
'S135','P266','J268',3,7991
'S135','P267','J211',79,6462
'S135','P268','J65',43,1014
'S135','P269','J317',90,3311
'S135','P270','J447',47,5067
'S135','P271','J350',87,9485
'S135','P272','J184',31,3161
'S135','P273','J51',83,5923
'S135','P274','J351',8,5510
'S135','P275','J13',67,9548
'S135','P276','J198',66,9029
'S135','P277','J31',6,3660
'S135','P278','J132',88,814
'S135','P279','J490',66,5721
'S135','P280','J395',87,7529
'S135','P281','J376',1,9635
'S135','P282','J447',96,2352
'S135','P283','J178',20,6267
'S135','P284','J253',47,9187
'S135','P285','J423',52,1706
'S135','P286','J19',75,4274
'S135','P287','J382',20,8166
'S135','P288','J375',100,6879
'S135','P289','J205',65,7383
'S135','P290','J59',19,2020
'S135','P291','J323',66,2138
'S135','P292','J483',80,1654
'S135','P293','J404',31,2405
'S135','P294','J332',87,4395
'S135','P295','J375',83,6412
'S135','P296','J410',54,1073
'S135','P297','J376',61,9739
'S135','P298','J404',57,6763
'S135','P299','J85',30,5295
'S135','P300','J173',86,4672
'S135','P301','J301',21,6290
'S135','P302','J485',25,7394
'S135','P303','J313',52,6761
'S135','P304','J166',37,6829
'S135','P305','J370',1,321
'S135','P306','J165',48,6875
'S135','P307','J72',32,537
'S135','P308','J175',81,5105
'S135','P309','J89',12,465
'S135','P310','J498',82,9985
'S135','P311','J278',68,3243
'S135','P312','J151',67,9759
'S135','P313','J270',41,720
'S135','P314','J452',12,750
'S135','P315','J279',71,9808
'S135','P316','J412',70,1027
'S135','P317','J18',30,7117
'S135','P318','J109',98,4667
'S135','P319','J234',53,8338
'S135','P320','J256',78,2835
'S135','P321','J485',1,3531
'S135','P322','J492',21,869
'S135','P323','J324',22,3328
'S135','P324','J407',13,2020
'S135','P325','J388',26,2973
'S135','P326','J250',36,6304
'S135','P327','J12',18,7000
'S135','P328','J156',94,9510
'S135','P329','J453',33,50
'S135','P330','J23',35,7027
'S135','P331','J223',99,4290
'S135','P332','J196',32,8670
'S135','P333','J413',56,2691
'S135','P334','J120',91,7460
'S135','P335','J432',64,3171
'S135','P336','J233',38,1918
'S135','P337','J247',81,2136
'S135','P338','J173',70,4668
'S135','P339','J235',18,9917
'S135','P340','J351',16,1746
'S135','P341','J68',29,2616
'S135','P342','J403',8,2115
'S135','P343','J221',81,9709
'S135','P344','J306',86,6579
'S135','P345','J179',91,6566
'S135','P346','J151',83,3837
'S135','P347','J79',70,3423
'S135','P348','J296',31,9057
'S135','P349','J259',71,9042
'S135','P350','J146',27,3580
'S135','P351','J407',18,1308
'S135','P352','J231',54,3771
'S135','P353','J250',84,4173
'S135','P354','J306',53,7546
'S135','P355','J63',95,4149
'S135','P356','J361',72,2099
'S135','P357','J77',60,4228
'S135','P358','J29',16,4758
'S135','P359','J43',13,3384
'S135','P360','J141',55,78
'S135','P361','J394',61,2759
'S135','P362','J475',40,2414
'S135','P363','J156',45,2742
'S135','P364','J454',77,9696
'S135','P365','J339',77,2715
'S135','P366','J198',58,3715
'S135','P367','J290',10,9510
'S135','P368','J31',72,7162
'S135','P369','J401',44,6351
'S135','P370','J308',51,9325
'S135','P371','J347',82,2661
'S135','P372','J194',86,4553
'S135','P373','J113',35,8261
'S135','P374','J232',63,4959
'S135','P375','J181',21,7344
'S135','P376','J383',28,878
'S135','P377','J185',9,9279
'S135','P378','J195',22,5779
'S135','P379','J81',8,3003
'S135','P380','J260',27,2412
'S135','P381','J167',59,6069
'S135','P382','J203',51,8544
'S135','P383','J499',55,3631
'S135','P384','J372',73,9297
'S135','P385','J448',69,6582
'S135','P386','J65',44,9488
'S135','P387','J313',7,1715
'S135','P388','J262',67,1896
'S135','P389','J20',42,3227
'S135','P390','J306',66,4217
'S135','P391','J278',20,1157
'S135','P392','J347',63,5348
'S135','P393','J410',1,2957
'S135','P394','J280',60,5421
'S135','P395','J157',51,8286
'S135','P396','J131',52,8282
'S135','P397','J150',48,9490
'S135','P398','J472',74,509
'S135','P399','J377',4,9171
'S135','P400','J329',40,9555
'S135','P401','J128',85,2076
'S135','P402','J327',49,5651
'S135','P403','J18',3,6155
'S135','P404','J0',50,9984
'S135','P405','J82',7,233
'S135','P406','J377',7,7263
'S135','P407','J177',89,344
'S135','P408','J233',92,1095
'S135','P409','J432',93,846
'S135','P410','J181',41,1303
'S135','P411','J178',62,6510
'S135','P412','J87',82,4008
'S135','P413','J411',85,4475
'S135','P414','J456',53,2858
'S135','P415','J49',2,9417
'S135','P416','J158',98,9499
'S135','P417','J275',2,59
'S135','P418','J271',77,672
'S135','P419','J90',18,6084
'S135','P420','J159',68,204
'S135','P421','J201',17,1684
'S135','P422','J342',62,5316
'S135','P423','J368',41,6079
'S135','P424','J109',78,8140
'S135','P425','J454',87,1104
'S135','P426','J184',82,2895
'S135','P427','J188',52,8493
'S135','P428','J449',53,2310
'S135','P429','J486',2,6403
'S135','P430','J448',70,6328
'S135','P431','J361',14,5685
'S135','P432','J256',16,1680
'S135','P433','J374',60,9328
'S135','P434','J334',23,608
'S135','P435','J22',15,4423
'S135','P436','J153',1,2732
'S135','P437','J365',85,4535
'S135','P438','J323',11,9836
'S135','P439','J402',8,8696
'S135','P440','J493',28,5692
'S135','P441','J430',45,7007
'S135','P442','J378',51,5544
'S135','P443','J84',27,1334
'S135','P444','J281',26,728
'S135','P445','J203',5,3337
'S135','P446','J41',48,9578
'S135','P447','J435',47,965
'S135','P448','J324',57,5219
'S135','P449','J489',64,51
'S135','P450','J267',90,116
'S135','P451','J168',29,1220
'S135','P452','J474',39,7436
'S135','P453','J186',66,7924
'S135','P454','J189',76,758
'S135','P455','J181',58,1232
'S135','P456','J30',88,5990
'S135','P457','J13',16,6339
'S135','P458','J337',67,5787
'S135','P459','J107',5,2437
'S135','P460','J259',81,2891
'S135','P461','J184',30,9917
'S135','P462','J311',9,8460
'S135','P463','J28',78,3627
'S135','P464','J286',59,545
'S135','P465','J260',56,1446
'S135','P466','J69',37,1472
'S135','P467','J399',44,2325
'S135','P468','J62',11,4465
'S135','P469','J252',55,5331
'S135','P470','J266',9,3221
'S135','P471','J52',99,6525
'S135','P472','J17',90,639
'S135','P473','J14',2,2654
'S135','P474','J252',10,477
'S135','P475','J23',4,7917
'S135','P476','J317',58,2216
'S135','P477','J2',14,8712
'S135','P478','J64',98,223
'S135','P479','J389',15,4770
'S135','P480','J115',8,9835
'S135','P481','J197',8,5861
'S135','P482','J477',35,3760
'S135','P483','J405',19,4028
'S135','P484','J16',41,512
'S135','P485','J488',58,2209
'S135','P486','J176',70,4006
'S135','P487','J128',22,924
'S135','P488','J119',34,6087
'S135','P489','J205',46,1406
'S135','P490','J372',41,5202
'S135','P491','J117',83,7768
'S135','P492','J221',97,8347
'S135','P493','J80',32,7131
'S135','P494','J147',8,6755
'S135','P495','J427',91,5824
'S135','P496','J185',66,6962
'S135','P497','J399',36,7773
'S135','P498','J319',61,1005
'S135','P499','J237',10,9472
'S135','P500','J25',57,5369
